timestamp,graph,run_id,method,wall_time_s
1790585550,graph-rand.bin,1,read,0.201
1790585551,graph-rand.bin,1,write,0.620
1790585551,graph-rand.bin,1,mmap_read,0.008
1790585551,graph-rand.bin,1,mmap_write,0.006
1790585551,graph-rand.bin,2,read,0.177
1790585551,graph-rand.bin,2,write,0.566
1790585552,graph-rand.bin,2,mmap_read,0.007
1790585552,graph-rand.bin,2,mmap_write,0.006
1790585552,graph-rand.bin,3,read,0.177
1790585552,graph-rand.bin,3,write,0.569
1790585553,graph-rand.bin,3,mmap_read,0.006
1790585553,graph-rand.bin,3,mmap_write,0.006
1790585553,graph-rand.bin,4,read,0.177
1790585553,graph-rand.bin,4,write,0.579
1790585554,graph-rand.bin,4,mmap_read,0.006
1790585554,graph-rand.bin,4,mmap_write,0.006
1790585554,graph-rand.bin,5,read,0.176
1790585554,graph-rand.bin,5,write,0.570
1790585554,graph-rand.bin,5,mmap_read,0.007
1790585554,graph-rand.bin,5,mmap_write,0.006
1790585554,graph-rand.bin,6,read,0.178
1790585555,graph-rand.bin,6,write,0.579
1790585555,graph-rand.bin,6,mmap_read,0.007
1790585555,graph-rand.bin,6,mmap_write,0.006
1790585555,graph-rand.bin,7,read,0.177
1790585555,graph-rand.bin,7,write,0.566
1790585556,graph-rand.bin,7,mmap_read,0.006
1790585556,graph-rand.bin,7,mmap_write,0.006
1790585556,graph-rand.bin,8,read,0.176
1790585556,graph-rand.bin,8,write,0.566
1790585557,graph-rand.bin,8,mmap_read,0.007
1790585557,graph-rand.bin,8,mmap_write,0.006
1790585557,graph-rand.bin,9,read,0.177
1790585557,graph-rand.bin,9,write,0.567
1790585558,graph-rand.bin,9,mmap_read,0.007
1790585558,graph-rand.bin,9,mmap_write,0.006
1790585558,graph-rand.bin,10,read,0.176
1790585558,graph-rand.bin,10,write,0.569
1790585558,graph-rand.bin,10,mmap_read,0.007
1790585558,graph-rand.bin,10,mmap_write,0.006
