timestamp,graph,run_id,method,iterations,wall_time_s,page_faults,vol_ctx,invol_ctx
1790588017,graph-rand.bin,1,mmap_read,10,0.03,1,0,4
1790588017,graph-rand.bin,1,mmap_write,10,0.04,1,0,8
1790588017,graph-rand.bin,2,mmap_read,10,0.03,1,0,4
1790588017,graph-rand.bin,2,mmap_write,10,0.03,1,0,5
1790588017,graph-rand.bin,3,mmap_read,10,0.03,1,0,4
1790588017,graph-rand.bin,3,mmap_write,10,0.03,1,0,5
1790588017,graph-rand.bin,4,mmap_read,10,0.02,1,0,4
1790588017,graph-rand.bin,4,mmap_write,10,0.03,1,0,5
1790588017,graph-rand.bin,5,mmap_read,10,0.03,1,1,4
1790588017,graph-rand.bin,5,mmap_write,10,0.03,1,0,4
1790588017,graph-rand.bin,6,mmap_read,10,0.03,1,0,4
1790588017,graph-rand.bin,6,mmap_write,10,0.03,1,0,5
1790588017,graph-rand.bin,7,mmap_read,10,0.02,1,0,4
1790588017,graph-rand.bin,7,mmap_write,10,0.03,1,0,4
1790588017,graph-rand.bin,8,mmap_read,10,0.03,1,0,4
1790588018,graph-rand.bin,8,mmap_write,10,0.03,1,0,4
1790588018,graph-rand.bin,9,mmap_read,10,0.03,1,0,4
1790588018,graph-rand.bin,9,mmap_write,10,0.03,1,0,4
1790588018,graph-rand.bin,10,mmap_read,10,0.03,1,0,4
1790588018,graph-rand.bin,10,mmap_write,10,0.03,1,0,4
